Payment_ID,C_ID,SH_ID,AMOUNT,Payment_Status,Payment_Mode,Payment_Date,SH_ID,C_ID,SH_CONTENT,SH_DOMAIN,SER_TYPE,SH_WEIGHT,SH_CHARGES,SR_ADDR,DS_ADDR,SH_ID,Current_Status,Sent_date,Delivery_date
313cd69e-66f3-11ea-9879-7077813058ce,230,690,49302,PAID,CARD PAYMENT,18-12-2014,690,230,Healthcare,Domestic,Regular,553,1210,1800 Block of 26TH ST,1200 Block of JACKSON ST,690,DELIVERED,4/28/2014,12/18/2014
313dc140-66f3-11ea-a952-7077813058ce,3189,933,78698,PAID,CARD PAYMENT,10-07-1997,933,3189,Healthcare,International,Express,810,1114,2600 Block of ALEMANY BL,700 Block of HAMPSHIRE ST,933,DELIVERED,6/14/1997,07-10-1997
313eab1e-66f3-11ea-81af-7077813058ce,2216,261,69417,NOT PAID,CARD PAYMENT,,261,2216,Luggage,Domestic,Express,994,1020,BARTLETT ST / 23RD ST,500 Block of HAIGHT ST,261,NOT DELIVERED,8/14/1993,
313f474a-66f3-11ea-a78b-7077813058ce,1904,445,39655,NOT PAID,COD,,445,1904,Home Furnishing,Domestic,Express,598,1351,1300 Block of 7TH AV,300 Block of 9TH ST,445,NOT DELIVERED,12/13/2019,
3140589a-66f3-11ea-a057-7077813058ce,7342,722,87400,NOT PAID,COD,,722,7342,Electronics,International,Express,412,566,0 Block of EUREKA ST,1800 Block of VANNESS AV,722,NOT DELIVERED,9/21/1996,
31411bc8-66f3-11ea-a4b7-7077813058ce,7633,129,56881,PAID,CARD PAYMENT,01-11-1971,129,7633,Food and Beverages,Domestic,Regular,379,590,700 Block of VANNESS AV,500 Block of LEAVENWORTH ST,129,DELIVERED,4/23/1971,11-01-1971
3141defa-66f3-11ea-b10e-7077813058ce,2154,489,99239,NOT PAID,COD,,489,2154,Fashion,Domestic,Regular,892,1407,200 Block of BERRY ST,CARROLL AV / JENNINGS ST,489,NOT DELIVERED,12/21/2005,
3142c940-66f3-11ea-9f69-7077813058ce,5543,165,23921,NOT PAID,COD,,165,5543,Industrial Equipments,Domestic,Regular,347,786,1100 Block of FRANCISCO ST,1000 Block of MARKET ST,165,NOT DELIVERED,07-03-1979,
31444fa8-66f3-11ea-912a-7077813058ce,2332,164,67599,NOT PAID,CARD PAYMENT,,164,2332,Hazardous Goods,International,Express,457,855,100 Block of NEWMONTGOMERY ST,600 Block of SOUTH VAN NESS AV,164,NOT DELIVERED,4/29/1976,
314539e6-66f3-11ea-bfa4-7077813058ce,4094,364,3725,NOT PAID,COD,,364,4094,Automotive,International,Express,957,1182,200 Block of SCOTT ST,2600 Block of MISSION ST,364,NOT DELIVERED,03-03-2012,
3145fd0a-66f3-11ea-958b-7077813058ce,3042,469,95516,PAID,COD,15-05-1991,469,3042,Electronics,International,Regular,23,25,BELVEDERE ST / WALLER ST,0 Block of CEDAR ST,469,DELIVERED,2/18/1991,5/15/1991
31469934-66f3-11ea-8572-7077813058ce,2220,158,62528,PAID,COD,30-06-1976,158,2220,Healthcare,Domestic,Express,479,861,800 Block of BRYANT ST,500 Block of FREDERICK ST,158,DELIVERED,3/31/1976,6/30/1976
3147355e-66f3-11ea-aae4-7077813058ce,4988,337,21021,NOT PAID,CARD PAYMENT,,337,4988,Electronics,Domestic,Express,305,834,1300 Block of CALIFORNIA ST,0 Block of RAUSCH ST,337,NOT DELIVERED,05-11-1976,
3147f89c-66f3-11ea-8dfd-7077813058ce,175,634,99492,NOT PAID,CARD PAYMENT,,634,175,Healthcare,International,Express,939,1446,300 Block of CHENERY ST,BUSH ST / BUCHANAN ST,634,NOT DELIVERED,10-07-1980,
3148bbc8-66f3-11ea-8acf-7077813058ce,4233,577,60282,PAID,CARD PAYMENT,09-08-1987,577,4233,Fashion,Domestic,Regular,679,1455,2600 Block of 18TH ST,800 Block of BRYANT ST,577,DELIVERED,3/19/1987,08-09-1987
31497efa-66f3-11ea-9497-7077813058ce,4351,907,20357,NOT PAID,CARD PAYMENT,,907,4351,Electronics,International,Express,803,1020,800 Block of 30TH AV,1100 Block of MARKET ST,907,NOT DELIVERED,7/23/2013,
314a1b22-66f3-11ea-9e82-7077813058ce,5578,870,24053,NOT PAID,CARD PAYMENT,,870,5578,Construction,Domestic,Regular,783,1042,800 Block of GENEVA AV,300 Block of 4TH ST,870,NOT DELIVERED,03-02-2010,
314ade58-66f3-11ea-8979-7077813058ce,4523,982,50958,NOT PAID,CARD PAYMENT,,982,4523,Industrial Equipments,Domestic,Regular,432,915,800 Block of BRYANT ST,100 Block of TOWNSEND ST,982,NOT DELIVERED,10/17/2017,
314b7a8a-66f3-11ea-97d4-7077813058ce,2972,351,68227,PAID,CARD PAYMENT,06-07-1977,351,2972,Industrial Equipments,Domestic,Regular,776,1053,15TH ST / SANCHEZ ST,1700 Block of FULTON ST,351,DELIVERED,01-03-1977,07-06-1977
314c8bcc-66f3-11ea-b526-7077813058ce,6153,328,77861,PAID,CARD PAYMENT,08-09-1997,328,6153,Healthcare,Domestic,Express,710,1066,900 Block of ELLSWORTH ST,400 Block of 28TH ST,328,DELIVERED,1/20/1997,09-08-1997
314d761e-66f3-11ea-b155-7077813058ce,4852,242,48315,NOT PAID,CARD PAYMENT,,242,4852,Construction,Domestic,Regular,959,1253,600 Block of FRANCISCO ST,FELL ST / MASONIC AV,242,NOT DELIVERED,12-09-1996,
314eae64-66f3-11ea-b08f-7077813058ce,8106,421,83002,PAID,CARD PAYMENT,05-03-1999,421,8106,Automotive,International,Regular,147,535,800 Block of BRYANT ST,900 Block of RANDOLPH ST,421,DELIVERED,02-07-1999,03-05-1999
314f4a7a-66f3-11ea-8b83-7077813058ce,3917,6,47650,PAID,COD,08-11-1977,6,3917,Arts and crafts,International,Express,613,1256,800 Block of BRYANT ST,0 Block of 6TH ST,6,DELIVERED,03-08-1977,11-08-1977
315034c6-66f3-11ea-a2bf-7077813058ce,9377,384,19386,NOT PAID,COD,,384,9377,Luggage,Domestic,Regular,590,1033,ELLIS ST / LAGUNA ST,0 Block of HYDE ST,384,NOT DELIVERED,2/21/1972,
31511efa-66f3-11ea-bc4c-7077813058ce,5387,286,39432,PAID,COD,15-09-2005,286,5387,Electronics,Domestic,Regular,193,817,100 Block of STEUART ST,900 Block of VALENCIA ST,286,DELIVERED,06-06-2005,9/15/2005
3151e23a-66f3-11ea-9b38-7077813058ce,6513,892,1421,PAID,COD,12-12-2019,892,6513,Luggage,Domestic,Regular,879,1037,700 Block of FOLSOM ST,300 Block of ARBALLO DR,892,DELIVERED,11/17/2019,12-12-2019
3152a56c-66f3-11ea-9340-7077813058ce,3965,558,16113,PAID,COD,15-11-2013,558,3965,Industrial Equipments,Domestic,Regular,275,951,1600 Block of VANNESS AV,100 Block of PHELAN AV,558,DELIVERED,10/27/2013,11/15/2013
31534188-66f3-11ea-8acd-7077813058ce,8893,481,52318,NOT PAID,CARD PAYMENT,,481,8893,Construction,International,Regular,319,770,800 Block of MARKET ST,0 Block of GORDON ST,481,NOT DELIVERED,07-11-2006,
3153ddb4-66f3-11ea-a4d6-7077813058ce,1897,155,7389,NOT PAID,CARD PAYMENT,,155,1897,Hazardous Goods,Domestic,Express,52,293,800 Block of BRYANT ST,600 Block of VALENCIA ST,155,NOT DELIVERED,9/23/2003,
3154c800-66f3-11ea-8721-7077813058ce,390,771,86040,PAID,COD,15-11-2013,771,390,Electronics,Domestic,Regular,702,1414,SHOTWELL ST / 17TH ST,EDDY ST / HYDE ST,771,DELIVERED,05-03-2013,11/15/2013
3155d94c-66f3-11ea-b116-7077813058ce,3633,945,56148,PAID,COD,10-08-2001,945,3633,Healthcare,Domestic,Express,299,524,1500 Block of BAKER ST,LIPPARD AV / BOSWORTH ST,945,DELIVERED,4/29/2001,08-10-2001
31575fac-66f3-11ea-8d99-7077813058ce,7828,719,894,PAID,CARD PAYMENT,17-07-2006,719,7828,Arts and crafts,Domestic,Regular,930,1183,100 Block of BERRY ST,KERN ST / DIAMOND ST,719,DELIVERED,1/22/2006,7/17/2006
315897f8-66f3-11ea-ad46-7077813058ce,2241,493,35634,NOT PAID,COD,,493,2241,Home Furnishing,Domestic,Regular,314,566,700 Block of HOWARD ST,HARRISON ST / 3RD ST,493,NOT DELIVERED,8/20/1995,
3159d04c-66f3-11ea-95df-7077813058ce,896,998,28701,PAID,CARD PAYMENT,15-11-2013,998,896,Hazardous Goods,International,Express,109,961,0 Block of LEE AV,0 Block of FALLON PL,998,DELIVERED,11/21/2013,11/15/2013
315aba8a-66f3-11ea-9db6-7077813058ce,6361,968,90380,PAID,CARD PAYMENT,02-08-1993,968,6361,Food and Beverages,Domestic,Regular,24,54,STOCKTON ST / BROADWAY ST,900 Block of GEARY ST,968,DELIVERED,01-04-1993,08-02-1993
315b7db4-66f3-11ea-ae41-7077813058ce,6713,738,21813,NOT PAID,COD,,738,6713,Electronics,Domestic,Express,545,1044,LAKE MERCED BL / BROTHERHOOD WAY,HARRISON ST / THE EMBARCADEROSOUTH ST,738,NOT DELIVERED,9/19/1977,
315c67f4-66f3-11ea-bcd7-7077813058ce,4283,912,36312,NOT PAID,CARD PAYMENT,,912,4283,Fashion,International,Regular,505,1082,GEARY ST / POLK ST,1600 Block of LASALLE AV,912,NOT DELIVERED,12/30/2019,
315d041c-66f3-11ea-8af9-7077813058ce,9486,782,24856,PAID,CARD PAYMENT,20-10-2002,782,9486,Electronics,International,Regular,182,871,1400 Block of DOUGLASS ST,48TH AV / JUDAH ST,782,DELIVERED,8/31/2002,10/20/2002
315da042-66f3-11ea-ac04-7077813058ce,308,140,39234,PAID,CARD PAYMENT,17-07-2006,140,308,Luggage,International,Regular,226,970,100 Block of FONT BL,1000 Block of KEY AV,140,DELIVERED,06-10-2006,7/17/2006
315e3c68-66f3-11ea-8d08-7077813058ce,8927,702,74222,PAID,COD,20-11-2004,702,8927,Home Furnishing,International,Regular,111,617,HOLLOWAY AV / BRIGHTON AV,TAYLOR ST / GOLDEN GATE AV,702,DELIVERED,07-07-2004,11/20/2004
315f26ac-66f3-11ea-a883-7077813058ce,249,284,47260,PAID,CARD PAYMENT,08-03-1982,284,249,Hazardous Goods,International,Express,145,814,1800 Block of KIRKHAM ST,800 Block of BRYANT ST,284,DELIVERED,02-06-1982,03-08-1982
315fe9e2-66f3-11ea-b80f-7077813058ce,2620,199,45432,NOT PAID,COD,,199,2620,Electronics,Domestic,Regular,829,1145,500 Block of TUNNEL AV,1600 Block of TURK ST,199,NOT DELIVERED,7/27/2007,
3160ad0c-66f3-11ea-961a-7077813058ce,1164,228,30192,PAID,COD,09-04-1994,228,1164,Electronics,Domestic,Regular,269,902,800 Block of BRYANT ST,100 Block of SPEAR ST,228,DELIVERED,3/30/1994,04-09-1994
31619754-66f3-11ea-911d-7077813058ce,4711,908,53868,NOT PAID,CARD PAYMENT,,908,4711,Hazardous Goods,International,Regular,660,1470,200 Block of CHENERY ST,2900 Block of DIAMOND ST,908,NOT DELIVERED,1/28/1999,
3162337a-66f3-11ea-bf3c-7077813058ce,4053,594,9691,NOT PAID,CARD PAYMENT,,594,4053,Home Furnishing,Domestic,Regular,484,568,1000 Block of POTRERO AV,400 Block of ROLPH ST,594,NOT DELIVERED,3/20/2004,
3162cf9c-66f3-11ea-917a-7077813058ce,4272,542,39001,NOT PAID,COD,,542,4272,Food and Beverages,International,Regular,100,487,100 Block of HYDE ST,BANCROFT AV / KEITH ST,542,NOT DELIVERED,5/19/1986,
31636bd2-66f3-11ea-aa21-7077813058ce,7005,586,70814,NOT PAID,CARD PAYMENT,,586,7005,Construction,Domestic,Express,711,1197,1100 Block of HUDSON AV,MYRTLE ST / LARKIN ST,586,NOT DELIVERED,03-08-1977,
31642f12-66f3-11ea-b553-7077813058ce,2308,636,13740,PAID,COD,09-08-2008,636,2308,Home Furnishing,International,Regular,325,994,STOCKTON ST / POST ST,500 Block of MAGELLAN AV,636,DELIVERED,2/24/2008,08-09-2008
3164f24c-66f3-11ea-bf87-7077813058ce,5150,581,33435,NOT PAID,CARD PAYMENT,,581,5150,Automotive,Domestic,Regular,209,933,LEAVENWORTH ST / TURK ST,1600 Block of 38TH AV,581,NOT DELIVERED,11/24/2017,
3165b562-66f3-11ea-83de-7077813058ce,693,336,73589,NOT PAID,CARD PAYMENT,,336,693,Construction,International,Express,996,1168,800 Block of BRYANT ST,3300 Block of MISSION ST,336,NOT DELIVERED,10-09-1972,
316678a4-66f3-11ea-b7d3-7077813058ce,9598,504,18598,PAID,COD,15-10-1982,504,9598,Luggage,International,Regular,420,561,4200 Block of 26TH ST,0 Block of TURK ST,504,DELIVERED,07-11-1982,10/15/1982
31673bc8-66f3-11ea-803a-7077813058ce,8103,346,23003,PAID,CARD PAYMENT,12-07-2007,346,8103,Industrial Equipments,International,Express,182,850,BLAKE ST / GEARY BL,BROADWAY ST / COLUMBUS AV,346,DELIVERED,06-05-2007,07-12-2007
3167d7ee-66f3-11ea-a273-7077813058ce,8894,135,80901,NOT PAID,CARD PAYMENT,,135,8894,Construction,Domestic,Express,901,1393,WASHINGTON ST / DRUMM ST,1200 Block of PINE ST,135,NOT DELIVERED,09-10-2004,
3168c236-66f3-11ea-ad73-7077813058ce,114,822,69113,PAID,COD,15-07-1991,822,114,Construction,International,Regular,88,426,EXECUTIVEPARK BL / ALANA WY,900 Block of MISSION ST,822,DELIVERED,6/30/1991,7/15/1991
3169fa82-66f3-11ea-a4aa-7077813058ce,6546,95,26060,NOT PAID,COD,,95,6546,Electronics,Domestic,Regular,660,1208,0 Block of BROOKDALE AV,1300 Block of EGBERT AV,95,NOT DELIVERED,04-11-2013,
316abe90-66f3-11ea-b19a-7077813058ce,3571,597,25677,NOT PAID,CARD PAYMENT,,597,3571,Luggage,Domestic,Regular,267,925,3600 Block of 22ND ST,200 Block of NAGLEE AV,597,NOT DELIVERED,7/26/2010,
316ba7f6-66f3-11ea-913f-7077813058ce,7316,340,62912,NOT PAID,COD,,340,7316,Fashion,International,Express,905,1392,700 Block of 3RD ST,FRANCISCO ST / JONES ST,340,NOT DELIVERED,11-03-1981,
316c441e-66f3-11ea-89de-7077813058ce,2478,905,77649,PAID,CARD PAYMENT,30-09-1983,905,2478,Luggage,Domestic,Express,799,1425,1700 Block of 25TH ST,1300 Block of BROADWAY ST,905,DELIVERED,04-11-1983,9/30/1983
316ce042-66f3-11ea-b223-7077813058ce,1215,250,73561,PAID,COD,22-10-2006,250,1215,Construction,International,Express,773,1225,1200 Block of POLK ST,1200 Block of MARKET ST,250,DELIVERED,9/18/2006,10/22/2006
316d7c6e-66f3-11ea-aad7-7077813058ce,5402,400,50357,NOT PAID,COD,,400,5402,Luggage,Domestic,Express,78,403,EARL ST / LASALLE AV,1400 Block of KIRKWOOD CT,400,NOT DELIVERED,01-07-2003,
316e8db8-66f3-11ea-88c1-7077813058ce,1647,877,61325,PAID,CARD PAYMENT,22-03-2000,877,1647,Industrial Equipments,Domestic,Express,791,1169,CLARA ST / 4TH ST,100 Block of ATOLL CR,877,DELIVERED,1/25/2000,3/22/2000
316f77f6-66f3-11ea-8aa2-7077813058ce,9423,97,76658,NOT PAID,COD,,97,9423,Construction,Domestic,Express,603,1167,0 Block of STEINER ST,1100 Block of FRANCISCO ST,97,NOT DELIVERED,5/25/2011,
3170141c-66f3-11ea-97a3-7077813058ce,6404,12,35525,NOT PAID,COD,,12,6404,Construction,Domestic,Regular,360,565,1800 Block of 8TH AV,JONES ST / GOLDEN GATE AV,12,NOT DELIVERED,6/18/2000,
3170d834-66f3-11ea-b48e-7077813058ce,6767,353,12462,PAID,COD,04-10-2012,353,6767,Fashion,Domestic,Express,84,354,HARRISON ST / 11TH ST,BROADWAY ST / KEARNY ST,353,DELIVERED,08-02-2012,10-04-2012
31717452-66f3-11ea-9fcf-7077813058ce,1278,856,27105,PAID,COD,08-11-1977,856,1278,Automotive,Domestic,Regular,880,1178,500 Block of HYDE ST,400 Block of CAPP ST,856,DELIVERED,6/26/1977,11-08-1977
3172107a-66f3-11ea-ad07-7077813058ce,1334,1,99604,PAID,COD,30-11-2010,1,1334,Arts and crafts,International,Express,947,1385,LARKIN ST / ELLIS ST,2700 Block of DIAMOND ST,1,DELIVERED,2/13/2010,11/30/2010
3172d2fa-66f3-11ea-bad5-7077813058ce,8887,390,90449,PAID,CARD PAYMENT,09-03-2009,390,8887,Automotive,Domestic,Regular,234,780,6500 Block of 3RD ST,800 Block of 33RD AV,390,DELIVERED,3/24/2009,03-09-2009
3173e41e-66f3-11ea-b5f4-7077813058ce,9858,446,9520,NOT PAID,COD,,446,9858,Food and Beverages,Domestic,Express,931,1247,0 Block of WHITFIELD CT,1500 Block of POWELL ST,446,NOT DELIVERED,4/25/1993,
3174f566-66f3-11ea-98c3-7077813058ce,9636,32,42210,NOT PAID,CARD PAYMENT,,32,9636,Arts and crafts,Domestic,Express,478,705,1100 Block of OCEAN AV,900 Block of DEHARO ST,32,NOT DELIVERED,8/30/2004,
3175dfa2-66f3-11ea-b9d8-7077813058ce,9943,420,21639,NOT PAID,COD,,420,9943,Industrial Equipments,Domestic,Express,638,1130,BRYANT ST / 4TH ST,1300 Block of MISSION ST,420,NOT DELIVERED,01-02-1989,
31767bca-66f3-11ea-848b-7077813058ce,1246,708,58736,PAID,COD,31-07-2019,708,1246,Industrial Equipments,Domestic,Express,50,72,900 Block of CONNECTICUT ST,LEAVENWORTH ST / EDDY ST,708,DELIVERED,2/19/2019,7/31/2019
317717f0-66f3-11ea-b57c-7077813058ce,4527,227,3951,PAID,CARD PAYMENT,05-01-2002,227,4527,Industrial Equipments,International,Regular,477,564,POLK ST / BEACH ST,700 Block of LARKIN ST,227,DELIVERED,1/25/2002,01-05-2002
3177db2e-66f3-11ea-99fe-7077813058ce,3782,595,69479,NOT PAID,CARD PAYMENT,,595,3782,Fashion,International,Regular,879,1040,37TH AV / RIVERA ST,1200 Block of 36TH AV,595,NOT DELIVERED,05-10-2003,
3178c56c-66f3-11ea-9547-7077813058ce,6225,211,10366,PAID,COD,23-12-2006,211,6225,Electronics,Domestic,Express,912,1220,FREMONT ST / HARRISON ST,0 Block of CRESTLAKE DR,211,DELIVERED,3/17/2006,12/23/2006
31796190-66f3-11ea-b0b6-7077813058ce,2257,650,10001,NOT PAID,CARD PAYMENT,,650,2257,Food and Beverages,International,Regular,868,1141,400 Block of GENEVA AV,POWELL ST / OFARRELL ST,650,NOT DELIVERED,6/18/2007,
3179fdb8-66f3-11ea-b117-7077813058ce,9177,45,15307,PAID,CARD PAYMENT,01-05-1996,45,9177,Healthcare,Domestic,Express,889,1050,20TH ST / KANSAS ST,JEFFERSON ST / TAYLOR ST,45,DELIVERED,03-03-1996,05-01-1996
317ac112-66f3-11ea-96bf-7077813058ce,8703,201,68923,NOT PAID,CARD PAYMENT,,201,8703,Home Furnishing,Domestic,Regular,482,850,4000 Block of 18TH ST,500 Block of ELLIS ST,201,NOT DELIVERED,12-02-1982,
317b8422-66f3-11ea-8b90-7077813058ce,3514,564,59651,PAID,COD,25-09-2004,564,3514,Healthcare,International,Express,683,1275,1400 Block of 14TH AV,1800 Block of DIVISADERO ST,564,DELIVERED,05-02-2004,9/25/2004
317c204a-66f3-11ea-b627-7077813058ce,3089,138,78953,NOT PAID,CARD PAYMENT,,138,3089,Home Furnishing,Domestic,Regular,382,714,200 Block of 2ND ST,0 Block of THRIFT ST,138,NOT DELIVERED,2/22/2008,
317ce378-66f3-11ea-b64a-7077813058ce,7253,57,89420,PAID,COD,02-03-2004,57,7253,Construction,Domestic,Regular,753,1027,2900 Block of TURK ST,300 Block of DEMONTFORT AV,57,DELIVERED,3/18/2004,03-02-2004
317dcdc0-66f3-11ea-a3ce-7077813058ce,8786,128,50374,NOT PAID,CARD PAYMENT,,128,8786,Arts and crafts,International,Express,718,1486,0 Block of 7TH ST,300 Block of 10TH ST,128,NOT DELIVERED,3/22/1992,
317e69e2-66f3-11ea-8d1d-7077813058ce,1211,33,83102,NOT PAID,COD,,33,1211,Industrial Equipments,Domestic,Express,577,1312,0 Block of CUMBERLAND ST,200 Block of POPLAR ST,33,NOT DELIVERED,04-05-1988,
317f5426-66f3-11ea-9e99-7077813058ce,359,936,62151,NOT PAID,COD,,936,359,Electronics,International,Express,607,1007,1100 Block of POLK ST,800 Block of OFARRELL ST,936,NOT DELIVERED,02-09-2013,
31803e5c-66f3-11ea-9cfa-7077813058ce,2066,762,84665,NOT PAID,COD,,762,2066,Automotive,International,Regular,242,926,16TH ST / UTAH ST,400 Block of CASTRO ST,762,NOT DELIVERED,3/21/1978,
3180da86-66f3-11ea-a8db-7077813058ce,4322,838,1760,PAID,COD,23-08-1995,838,4322,Industrial Equipments,International,Express,593,1036,100 Block of GOLDEN GATE AV,800 Block of MISSION ST,838,DELIVERED,01-05-1995,8/23/1995
318176ac-66f3-11ea-8841-7077813058ce,7773,215,30239,PAID,COD,31-01-1985,215,7773,Electronics,Domestic,Express,812,1161,1500 Block of POLK ST,600 Block of KANSAS ST,215,DELIVERED,01-10-1985,1/31/1985
318260fe-66f3-11ea-a0f0-7077813058ce,6746,818,20194,PAID,COD,20-10-2006,818,6746,Hazardous Goods,Domestic,Express,833,1016,POLK ST / SUTTER ST,1200 Block of NOE ST,818,DELIVERED,8/28/2006,10/20/2006
31832428-66f3-11ea-9902-7077813058ce,6732,780,58470,PAID,COD,17-10-1989,780,6732,Healthcare,International,Express,872,1058,100 Block of BREWSTER ST,900 Block of MARKET ST,780,DELIVERED,10-12-1989,10/17/1989
31851fae-66f3-11ea-9f4d-7077813058ce,805,40,91926,NOT PAID,COD,,40,805,Arts and crafts,Domestic,Regular,483,648,0 Block of TURK ST,900 Block of CAPITOL AV,40,NOT DELIVERED,05-03-1980,
31863106-66f3-11ea-8b2f-7077813058ce,7540,366,34797,PAID,COD,16-03-1980,366,7540,Fashion,International,Regular,679,1015,1700 Block of SUNNYDALE AV,400 Block of BAKER ST,366,DELIVERED,03-01-1980,3/16/1980
31876958-66f3-11ea-afcb-7077813058ce,5269,678,19346,NOT PAID,COD,,678,5269,Hazardous Goods,International,Express,318,938,SOUTH VAN NESS AV / 13TH ST,100 Block of LELAND AV,678,NOT DELIVERED,1/15/1994,
31885382-66f3-11ea-b84f-7077813058ce,8404,703,35185,NOT PAID,COD,,703,8404,Home Furnishing,Domestic,Express,329,597,22ND ST / CAROLINA ST,2600 Block of FOLSOM ST,703,NOT DELIVERED,1/25/2017,
318916c0-66f3-11ea-8a7c-7077813058ce,519,180,7068,NOT PAID,CARD PAYMENT,,180,519,Luggage,Domestic,Regular,588,1182,POWELL ST / GEARY ST,3RD ST / PALOU AV,180,NOT DELIVERED,04-01-1975,
318a2800-66f3-11ea-b639-7077813058ce,4060,214,96496,PAID,CARD PAYMENT,09-08-1987,214,4060,Food and Beverages,International,Regular,442,713,2500 Block of MISSION ST,2600 Block of 34TH AV,214,DELIVERED,03-06-1987,08-09-1987
318b396c-66f3-11ea-9883-7077813058ce,8860,408,2988,PAID,CARD PAYMENT,11-09-1990,408,8860,Hazardous Goods,Domestic,Express,216,939,600 Block of VALENCIA ST,500 Block of 9TH ST,408,DELIVERED,2/21/1990,09-11-1990
318cbfc6-66f3-11ea-b57f-7077813058ce,7164,902,83253,PAID,COD,17-09-1989,902,7164,Construction,Domestic,Express,946,1082,300 Block of OFARRELL ST,0 Block of RAE AV,902,DELIVERED,01-06-1989,9/17/1989
318d82e8-66f3-11ea-9cca-7077813058ce,9792,763,87828,PAID,COD,09-09-2014,763,9792,Luggage,International,Express,796,1347,1700 Block of FULTON ST,100 Block of GOLDEN GATE AV,763,DELIVERED,6/29/2014,09-09-2014
318e4628-66f3-11ea-a70e-7077813058ce,9934,168,17035,PAID,COD,12-06-1997,168,9934,Arts and crafts,Domestic,Regular,26,47,DIVISADERO ST / JACKSON ST,0 Block of DESOTO ST,168,DELIVERED,01-05-1997,06-12-1997
318f305e-66f3-11ea-b203-7077813058ce,1980,723,426,NOT PAID,COD,,723,1980,Automotive,Domestic,Express,490,762,SILLIMAN ST / BOWDOIN ST,200 Block of LEAVENWORTH ST,723,NOT DELIVERED,7/23/1981,
31901a98-66f3-11ea-830a-7077813058ce,9251,438,20238,PAID,COD,30-03-1977,438,9251,Home Furnishing,Domestic,Regular,430,642,2300 Block of CHESTNUT ST,LAKE MERCED BL / SUNSET BL,438,DELIVERED,3/26/1977,3/30/1977
3190ddc6-66f3-11ea-8fea-7077813058ce,6717,162,68331,PAID,CARD PAYMENT,29-10-1982,162,6717,Arts and crafts,Domestic,Express,209,665,500 Block of VALENCIA ST,6TH ST / STEVENSON ST,162,DELIVERED,06-10-1982,10/29/1982
3191ef06-66f3-11ea-bb69-7077813058ce,3622,246,86132,PAID,CARD PAYMENT,01-03-2019,246,3622,Automotive,International,Express,379,963,800 Block of 47TH AV,0 Block of LURLINE ST,246,DELIVERED,03-03-2019,03-01-2019
31930050-66f3-11ea-8535-7077813058ce,8808,105,766,NOT PAID,CARD PAYMENT,,105,8808,Industrial Equipments,Domestic,Regular,949,1419,KEITH ST / THOMAS AV,100 Block of CAPP ST,105,NOT DELIVERED,8/27/1997,
319438b6-66f3-11ea-9722-7077813058ce,4920,308,13169,NOT PAID,COD,,308,4920,Electronics,Domestic,Express,438,656,LYON ST / OFARRELL ST,1200 Block of NOE ST,308,NOT DELIVERED,1/28/1979,
319549e8-66f3-11ea-85a4-7077813058ce,3140,172,48657,PAID,COD,26-10-2004,172,3140,Food and Beverages,International,Express,726,1381,0 Block of HARRISON ST,1200 Block of GOLDEN GATE AV,172,DELIVERED,10/29/2004,10/26/2004
31963430-66f3-11ea-bdc7-7077813058ce,8104,775,88037,NOT PAID,CARD PAYMENT,,775,8104,Home Furnishing,Domestic,Express,451,713,0 Block of 6TH ST,1400 Block of RANKIN ST,775,NOT DELIVERED,9/28/2004,
31971e6e-66f3-11ea-86f5-7077813058ce,2208,333,21972,PAID,CARD PAYMENT,11-08-2013,333,2208,Luggage,Domestic,Regular,812,1104,1800 Block of DONNER AV,19TH AV / LINCOLN WY,333,DELIVERED,01-12-2013,08-11-2013
31987dc0-66f3-11ea-a59b-7077813058ce,7043,548,87886,NOT PAID,COD,,548,7043,Healthcare,International,Regular,240,571,800 Block of INGERSON AV,MISSION ST / 2ND ST,548,NOT DELIVERED,6/17/2012,
3199b61c-66f3-11ea-ab02-7077813058ce,7485,665,3244,PAID,CARD PAYMENT,27-04-2010,665,7485,Arts and crafts,Domestic,Regular,982,1405,1300 Block of REVERE AV,0 Block of WILLIAR AV,665,DELIVERED,01-12-2010,4/27/2010
319ac762-66f3-11ea-b75f-7077813058ce,1748,305,32031,PAID,COD,01-11-1992,305,1748,Automotive,Domestic,Express,954,1473,0 Block of DORE ST,100 Block of TURK ST,305,DELIVERED,08-11-1992,11-01-1992
319bfff4-66f3-11ea-8fba-7077813058ce,9968,938,51284,NOT PAID,CARD PAYMENT,,938,9968,Hazardous Goods,Domestic,Regular,35,20,1200 Block of THE EMBARCADERONORTH ST,500 Block of BRANNAN ST,938,NOT DELIVERED,12/21/2018,
319d3826-66f3-11ea-8b8d-7077813058ce,5330,714,23055,PAID,CARD PAYMENT,08-06-2011,714,5330,Electronics,Domestic,Express,148,835,PIERCE ST / LOMBARD ST,8TH AV / CLEMENT ST,714,DELIVERED,4/22/2011,06-08-2011
319e9766-66f3-11ea-9392-7077813058ce,2183,251,94926,PAID,CARD PAYMENT,02-12-2003,251,2183,Food and Beverages,International,Regular,422,651,1700 Block of NEWCOMB AV,1500 Block of LASALLE AV,251,DELIVERED,10/25/2003,12-02-2003
319fa8a8-66f3-11ea-b17c-7077813058ce,2182,330,312,NOT PAID,COD,,330,2182,Home Furnishing,Domestic,Express,275,653,2300 Block of 25TH AV,HOLLYPARK CR / MURRAY ST,330,NOT DELIVERED,02-08-2012,
31a0e11a-66f3-11ea-999b-7077813058ce,1087,69,45852,PAID,COD,30-08-2018,69,1087,Healthcare,Domestic,Regular,367,740,2000 Block of MISSION ST,2400 Block of SAN BRUNO AV,69,DELIVERED,3/14/2018,8/30/2018
31a1cb62-66f3-11ea-81bc-7077813058ce,4296,969,77063,PAID,CARD PAYMENT,09-03-2013,969,4296,Industrial Equipments,International,Express,507,1334,1100 Block of CONNECTICUT ST,1700 Block of 22ND AV,969,DELIVERED,3/19/2013,03-09-2013
31a2b586-66f3-11ea-a9ea-7077813058ce,9784,974,44299,PAID,COD,21-06-2013,974,9784,Automotive,International,Regular,442,770,1000 Block of POTRERO AV,0 Block of LEAVENWORTH ST,974,DELIVERED,4/23/2013,6/21/2013
31a3c6d8-66f3-11ea-983d-7077813058ce,6210,526,67123,PAID,COD,03-07-1991,526,6210,Arts and crafts,International,Regular,510,1205,500 Block of 41ST AV,500 Block of GUERRERO ST,526,DELIVERED,02-10-1991,07-03-1991
31a489fa-66f3-11ea-9155-7077813058ce,5781,510,51104,NOT PAID,COD,,510,5781,Fashion,International,Regular,117,716,700 Block of MARKET ST,ELLIS ST / HYDE ST,510,NOT DELIVERED,10-04-1976,
31a5c242-66f3-11ea-960b-7077813058ce,8306,444,35369,NOT PAID,CARD PAYMENT,,444,8306,Construction,Domestic,Express,973,1250,0 Block of CASTLEMANOR AV,LANE ST / REVERE AV,444,NOT DELIVERED,10/25/1987,
31a6ac9c-66f3-11ea-926a-7077813058ce,3270,503,559,PAID,CARD PAYMENT,25-05-1974,503,3270,Food and Beverages,Domestic,Regular,243,935,GEARY ST / HYDE ST,1200 Block of MARKET ST,503,DELIVERED,3/26/1974,5/25/1974
31a796d0-66f3-11ea-ae4e-7077813058ce,6787,109,13394,NOT PAID,CARD PAYMENT,,109,6787,Luggage,Domestic,Express,715,1185,2000 Block of MISSION ST,500 Block of 39TH AV,109,NOT DELIVERED,5/18/2014,
31a859f0-66f3-11ea-8394-7077813058ce,3733,823,51472,PAID,CARD PAYMENT,20-05-1975,823,3733,Healthcare,Domestic,Express,571,1031,700 Block of STANYAN ST,600 Block of MISSION ST,823,DELIVERED,5/18/1975,5/20/1975
31a9925e-66f3-11ea-b9ab-7077813058ce,207,147,99367,PAID,COD,15-09-2005,147,207,Industrial Equipments,Domestic,Express,369,646,300 Block of ATHENS ST,1400 Block of CLAY ST,147,DELIVERED,3/20/2005,9/15/2005
31aa7c8c-66f3-11ea-bbd5-7077813058ce,3,625,98982,NOT PAID,CARD PAYMENT,,625,3,Industrial Equipments,International,Regular,318,980,5600 Block of DIAMONDHEIGHTS BL,100 Block of ELLIOT ST,625,NOT DELIVERED,10-03-2018,
31ab66b6-66f3-11ea-b954-7077813058ce,1896,695,47111,NOT PAID,COD,,695,1896,Food and Beverages,Domestic,Regular,266,833,2000 Block of MISSION ST,4600 Block of IRVING ST,695,NOT DELIVERED,9/25/2013,
31ac02dc-66f3-11ea-8f7e-7077813058ce,9631,983,87420,NOT PAID,COD,,983,9631,Home Furnishing,International,Regular,60,166,200 Block of TURK ST,0 Block of ANKENY ST,983,NOT DELIVERED,07-09-1993,
31aced36-66f3-11ea-b593-7077813058ce,3132,82,59376,NOT PAID,COD,,82,3132,Luggage,International,Express,121,557,NATOMA ST / 2ND ST,3500 Block of MISSION ST,82,NOT DELIVERED,5/29/1997,
31add76e-66f3-11ea-bc98-7077813058ce,1202,397,41003,NOT PAID,CARD PAYMENT,,397,1202,Automotive,International,Express,876,1045,1600 Block of DONNER AV,800 Block of LARKIN ST,397,NOT DELIVERED,2/29/2004,
31ae9a98-66f3-11ea-9239-7077813058ce,8834,599,58511,NOT PAID,CARD PAYMENT,,599,8834,Industrial Equipments,Domestic,Regular,946,1100,400 Block of ELLIS ST,800 Block of MOSCOW ST,599,NOT DELIVERED,8/31/2001,
31af36c0-66f3-11ea-9653-7077813058ce,1201,306,52868,PAID,COD,22-07-1983,306,1201,Hazardous Goods,Domestic,Regular,654,1150,100 Block of LEAVENWORTH ST,100 Block of PERSIA AV,306,DELIVERED,1/28/1983,7/22/1983
31affa0a-66f3-11ea-8464-7077813058ce,2573,536,8206,PAID,CARD PAYMENT,21-09-2016,536,2573,Construction,Domestic,Express,74,281,100 Block of POWELL ST,0 Block of TAYLOR ST,536,DELIVERED,9/23/2016,9/21/2016
31b0e428-66f3-11ea-8884-7077813058ce,6759,20,48873,NOT PAID,CARD PAYMENT,,20,6759,Construction,Domestic,Regular,630,1062,1600 Block of 39TH AV,PARNASSUS AV / CLAYTON ST,20,NOT DELIVERED,9/29/2017,
31b21c7a-66f3-11ea-b007-7077813058ce,2601,515,22214,NOT PAID,CARD PAYMENT,,515,2601,Healthcare,Domestic,Express,782,1425,MARKET ST / CHURCH ST,LOMBARD ST / LEAVENWORTH ST,515,NOT DELIVERED,01-01-1996,
31b2dfd8-66f3-11ea-b094-7077813058ce,2656,332,806,NOT PAID,COD,,332,2656,Luggage,International,Regular,45,39,100 Block of UPPER TR,POST ST / HYDE ST,332,NOT DELIVERED,9/14/2008,
31b3ca0a-66f3-11ea-bdb1-7077813058ce,9645,127,27590,PAID,CARD PAYMENT,09-01-2006,127,9645,Luggage,International,Express,916,1143,300 Block of SALINAS AV,1900 Block of FILLMORE ST,127,DELIVERED,01-08-2006,01-09-2006
31b4db48-66f3-11ea-8ac6-7077813058ce,584,958,5769,NOT PAID,CARD PAYMENT,,958,584,Hazardous Goods,International,Express,274,669,0 Block of GOLDEN GATE AV,900 Block of MARIPOSA ST,958,NOT DELIVERED,2/24/2016,
31b6138a-66f3-11ea-a991-7077813058ce,2121,42,38290,PAID,COD,12-09-1979,42,2121,Arts and crafts,Domestic,Regular,987,1134,MINNA ST / 5TH ST,MARKET ST / 5TH ST,42,DELIVERED,1/20/1979,09-12-1979
31b6fdd4-66f3-11ea-8bc0-7077813058ce,2142,977,44807,PAID,CARD PAYMENT,20-10-2002,977,2142,Arts and crafts,International,Regular,434,558,200 Block of MISSOURI ST,900 Block of ELLSWORTH ST,977,DELIVERED,02-03-2002,10/20/2002
31b80f2e-66f3-11ea-9f03-7077813058ce,2396,460,11223,PAID,COD,15-09-2005,460,2396,Electronics,International,Express,897,1313,100 Block of EDDY ST,1400 Block of KIRKWOOD CT,460,DELIVERED,4/16/2005,9/15/2005
31b8ab40-66f3-11ea-a1ea-7077813058ce,8747,659,85889,PAID,COD,11-09-1998,659,8747,Automotive,International,Regular,442,595,0 Block of UNITEDNATIONS PZ,200 Block of HAHN ST,659,DELIVERED,2/21/1998,09-11-1998
31b96e70-66f3-11ea-9a67-7077813058ce,4142,197,57138,PAID,COD,23-08-1989,197,4142,Food and Beverages,Domestic,Express,98,360,300 Block of BUCHANAN ST,2800 Block of BRYANT ST,197,DELIVERED,3/29/1989,8/23/1989
31ba31b0-66f3-11ea-b455-7077813058ce,9770,540,987,PAID,COD,08-11-1977,540,9770,Luggage,International,Express,431,934,4000 Block of GEARY BL,1000 Block of POTRERO AV,540,DELIVERED,4/21/1977,11-08-1977
31bb1bfa-66f3-11ea-982b-7077813058ce,2593,178,80179,PAID,COD,26-01-2009,178,2593,Construction,International,Express,745,1383,3100 Block of 23RD ST,GEARY ST / POWELL ST,178,DELIVERED,01-01-2009,1/26/2009
31bbdf14-66f3-11ea-8012-7077813058ce,9807,202,63810,PAID,CARD PAYMENT,03-08-2001,202,9807,Home Furnishing,International,Express,871,1274,200 Block of HAHN ST,600 Block of VALENCIA ST,202,DELIVERED,1/27/2001,08-03-2001
31bca246-66f3-11ea-abf6-7077813058ce,2525,632,22261,PAID,CARD PAYMENT,25-12-1992,632,2525,Industrial Equipments,Domestic,Regular,67,193,CAPP ST / 17TH ST,ALEMANY BL / ELLSWORTH ST,632,DELIVERED,8/26/1992,12/25/1992
31bd8c92-66f3-11ea-9011-7077813058ce,1724,25,37286,PAID,CARD PAYMENT,17-05-2004,25,1724,Home Furnishing,Domestic,Express,431,702,4TH ST / HARRISON ST,600 Block of CLAY ST,25,DELIVERED,5/29/2004,5/17/2004
31be28b0-66f3-11ea-ac89-7077813058ce,7146,990,73874,PAID,CARD PAYMENT,28-11-2003,990,7146,Construction,International,Regular,178,646,700 Block of BATTERY ST,0 Block of MARINA BL,990,DELIVERED,5/18/2003,11/28/2003
31beebdc-66f3-11ea-a06e-7077813058ce,563,913,20187,NOT PAID,COD,,913,563,Home Furnishing,Domestic,Express,180,755,5TH ST / MARKET ST,MONTGOMERY ST / VALLEJO ST,913,NOT DELIVERED,05-08-1974,
31bfaf0c-66f3-11ea-8a4e-7077813058ce,7771,371,51038,NOT PAID,COD,,371,7771,Arts and crafts,Domestic,Express,280,990,2400 Block of MISSION ST,BEACH ST / TAYLOR ST,371,NOT DELIVERED,07-03-1975,
31c07288-66f3-11ea-a2cf-7077813058ce,4789,514,89846,NOT PAID,COD,,514,4789,Hazardous Goods,Domestic,Express,263,965,TARAVAL ST / 17TH AV,EDDY ST / MASON ST,514,NOT DELIVERED,5/18/1982,
31c1364c-66f3-11ea-82bf-7077813058ce,3221,707,59967,NOT PAID,CARD PAYMENT,,707,3221,Automotive,Domestic,Regular,187,931,19TH ST / SHOTWELL ST,7TH ST / STEVENSON ST,707,NOT DELIVERED,6/19/2007,
31c1f8b4-66f3-11ea-8397-7077813058ce,5197,473,59474,PAID,COD,17-01-2012,473,5197,Arts and crafts,International,Regular,94,361,2300 Block of 14TH AV,0 Block of 12TH ST,473,DELIVERED,1/25/2012,1/17/2012
31c30a08-66f3-11ea-aba8-7077813058ce,8183,847,77342,NOT PAID,COD,,847,8183,Fashion,International,Express,906,1297,2100 Block of MISSION ST,1100 Block of FOLSOM ST,847,NOT DELIVERED,4/17/1983,
31c49062-66f3-11ea-ba20-7077813058ce,1126,815,57460,PAID,COD,02-03-2010,815,1126,Healthcare,International,Regular,71,130,1400 Block of VANDYKE AV,EDDY ST / VANNESS AV,815,DELIVERED,1/30/2010,03-02-2010
31c616ba-66f3-11ea-afb3-7077813058ce,4899,928,74930,NOT PAID,COD,,928,4899,Hazardous Goods,International,Express,253,904,800 Block of MARKET ST,800 Block of MARKET ST,928,NOT DELIVERED,09-05-1973,
31c6b2fe-66f3-11ea-9b07-7077813058ce,4732,210,89389,NOT PAID,COD,,210,4732,Home Furnishing,International,Express,591,1433,300 Block of COLLINGWOOD ST,900 Block of MARKET ST,210,NOT DELIVERED,10/23/2005,
31c77618-66f3-11ea-bb5b-7077813058ce,4103,793,86767,NOT PAID,COD,,793,4103,Automotive,Domestic,Regular,399,835,400 Block of ELLIS ST,17TH ST / SHOTWELL ST,793,NOT DELIVERED,07-06-1996,
31c8394a-66f3-11ea-bf8e-7077813058ce,7861,872,42257,PAID,COD,17-05-2008,872,7861,Automotive,International,Express,91,242,21ST ST / POTRERO AV,400 Block of GENEVA AV,872,DELIVERED,5/21/2008,5/17/2008
31c8fc98-66f3-11ea-b3c3-7077813058ce,7764,298,28987,NOT PAID,COD,,298,7764,Hazardous Goods,International,Regular,717,1297,200 Block of 11TH AV,400 Block of TURK ST,298,NOT DELIVERED,5/13/1979,
31c9e6be-66f3-11ea-9f95-7077813058ce,5345,941,38952,PAID,COD,28-08-2010,941,5345,Food and Beverages,International,Regular,735,1181,17TH ST / FOLSOM ST,400 Block of BRIGHT ST,941,DELIVERED,07-01-2010,8/28/2010
31caa9ee-66f3-11ea-bce1-7077813058ce,6191,731,50635,NOT PAID,COD,,731,6191,Hazardous Goods,Domestic,Express,970,1242,KEITH ST / SHAFTER AV,0 Block of SPOFFORD LN,731,NOT DELIVERED,07-05-1983,
31cb461a-66f3-11ea-a37c-7077813058ce,310,500,32800,NOT PAID,COD,,500,310,Arts and crafts,Domestic,Regular,80,236,900 Block of LARKIN ST,900 Block of STOCKTON ST,500,NOT DELIVERED,07-05-1980,
31cc0964-66f3-11ea-b6b3-7077813058ce,3095,142,67478,NOT PAID,CARD PAYMENT,,142,3095,Arts and crafts,Domestic,Express,550,1171,400 Block of TURK ST,MADRID ST / RUSSIA AV,142,NOT DELIVERED,8/21/1983,
31cccd64-66f3-11ea-a4c2-7077813058ce,2159,787,24449,PAID,COD,25-06-2011,787,2159,Arts and crafts,International,Express,187,864,0 Block of OFARRELL ST,200 Block of TURK ST,787,DELIVERED,3/28/2011,6/25/2011
31cd8fca-66f3-11ea-97a4-7077813058ce,3569,749,3119,PAID,CARD PAYMENT,02-07-2014,749,3569,Automotive,International,Express,262,875,0 Block of PAYSON ST,0 Block of POWELL ST,749,DELIVERED,4/30/2014,07-02-2014
31ce7a18-66f3-11ea-94eb-7077813058ce,5958,304,13693,PAID,COD,25-09-2004,304,5958,Food and Beverages,Domestic,Regular,540,1172,500 Block of STEVENSON ST,HYDE ST / TURK ST,304,DELIVERED,3/20/2004,9/25/2004
31cf3d24-66f3-11ea-8054-7077813058ce,1275,30,80796,PAID,COD,09-03-2010,30,1275,Fashion,Domestic,Regular,581,1422,CALIFORNIA ST / DAVIS ST,0 Block of STOCKTON ST,30,DELIVERED,2/19/2010,03-09-2010
31d0006c-66f3-11ea-9c10-7077813058ce,6357,477,19804,NOT PAID,COD,,477,6357,Fashion,International,Regular,840,1061,400 Block of LEAVENWORTH ST,NEWCOMB AV / 3RD ST,477,NOT DELIVERED,09-07-1986,
31d16094-66f3-11ea-b511-7077813058ce,4551,52,75766,NOT PAID,CARD PAYMENT,,52,4551,Hazardous Goods,Domestic,Express,873,1199,1000 Block of COLUMBUS AV,1400 Block of PHELPS ST,52,NOT DELIVERED,5/20/2016,
31d222e8-66f3-11ea-9b54-7077813058ce,4252,73,74338,NOT PAID,COD,,73,4252,Home Furnishing,Domestic,Express,315,937,800 Block of BRYANT ST,3800 Block of 24TH ST,73,NOT DELIVERED,03-06-1993,
31d2e636-66f3-11ea-8df2-7077813058ce,2096,691,73423,PAID,CARD PAYMENT,20-08-2012,691,2096,Industrial Equipments,Domestic,Regular,955,1369,5TH ST / MISSION ST,1500 Block of HAIGHT ST,691,DELIVERED,05-02-2012,8/20/2012
31d3f842-66f3-11ea-a75e-7077813058ce,5209,786,91842,PAID,COD,31-08-1976,786,5209,Healthcare,International,Express,372,679,3600 Block of SACRAMENTO ST,SCOTT ST / CHESTNUT ST,786,DELIVERED,06-06-1976,8/31/1976
31d4bb6c-66f3-11ea-9ff7-7077813058ce,9271,68,81148,NOT PAID,COD,,68,9271,Arts and crafts,Domestic,Express,182,726,1700 Block of FULTON ST,300 Block of HAIGHT ST,68,NOT DELIVERED,7/30/2004,
31d5a4e4-66f3-11ea-861b-7077813058ce,6772,630,96963,PAID,COD,29-09-2009,630,6772,Hazardous Goods,Domestic,Regular,868,1320,3300 Block of BALBOA ST,300 Block of ELLIS ST,630,DELIVERED,2/23/2009,9/29/2009
31d68f18-66f3-11ea-b8c4-7077813058ce,4628,357,88092,NOT PAID,COD,,357,4628,Healthcare,International,Express,777,1113,200 Block of KING ST,0 Block of FUENTE AV,357,NOT DELIVERED,10-11-1990,
31d77952-66f3-11ea-b47a-7077813058ce,3853,455,66397,NOT PAID,CARD PAYMENT,,455,3853,Construction,International,Regular,172,580,LASALLE AV / PHELPS ST,2000 Block of MISSION ST,455,NOT DELIVERED,10-08-2011,
31d8638c-66f3-11ea-8b90-7077813058ce,515,947,1714,PAID,CARD PAYMENT,30-04-1987,947,515,Fashion,International,Express,665,1257,3300 Block of 22ND ST,CALIFORNIA ST / POLK ST,947,DELIVERED,1/15/1987,4/30/1987
31d927a2-66f3-11ea-bb48-7077813058ce,7513,589,5059,NOT PAID,CARD PAYMENT,,589,7513,Arts and crafts,International,Express,516,1084,16TH ST / MISSOURI ST,200 Block of HARKNESS AV,589,NOT DELIVERED,02-06-1971,
31d9eaca-66f3-11ea-b8c8-7077813058ce,9030,863,66582,NOT PAID,CARD PAYMENT,,863,9030,Automotive,International,Regular,412,872,WINSTON DR / 19TH AV,300 Block of BEALE ST,863,NOT DELIVERED,03-04-1975,
31da86f6-66f3-11ea-8b12-7077813058ce,2378,668,42143,PAID,CARD PAYMENT,16-06-1972,668,2378,Luggage,Domestic,Express,938,1067,2100 Block of 16TH AV,5TH ST / MARKET ST,668,DELIVERED,06-10-1972,6/16/1972
31db9768-66f3-11ea-883c-7077813058ce,5894,206,27741,NOT PAID,COD,,206,5894,Luggage,International,Express,854,1251,1900 Block of WASHINGTON ST,CALIFORNIA ST / FILLMORE ST,206,NOT DELIVERED,6/25/2012,
31dcf6d4-66f3-11ea-a647-7077813058ce,7587,835,696,NOT PAID,CARD PAYMENT,,835,7587,Luggage,International,Regular,638,1314,MARTIN LUTHER KING JR DR / 9TH AV,0 Block of TURK ST,835,NOT DELIVERED,01-05-1977,
31de0880-66f3-11ea-ab1e-7077813058ce,1424,315,37660,NOT PAID,CARD PAYMENT,,315,1424,Food and Beverages,Domestic,Express,230,638,3RD AV / BALBOA ST,400 Block of LAKESHORE DR,315,NOT DELIVERED,11/26/1995,
31df1974-66f3-11ea-948f-7077813058ce,5214,553,16299,NOT PAID,CARD PAYMENT,,553,5214,Arts and crafts,Domestic,Regular,245,611,3800 Block of MISSION ST,100 Block of PAGE ST,553,NOT DELIVERED,7/26/1995,
31e02ac0-66f3-11ea-85d7-7077813058ce,8249,861,16690,PAID,CARD PAYMENT,13-09-1996,861,8249,Luggage,International,Regular,916,1255,500 Block of JOHNFKENNEDY DR,VALLEJO ST / KEARNY ST,861,DELIVERED,02-09-1996,9/13/1996
31e163c2-66f3-11ea-a771-7077813058ce,3172,279,21003,NOT PAID,CARD PAYMENT,,279,3172,Construction,International,Regular,84,464,800 Block of MARKET ST,1500 Block of SLOAT BL,279,NOT DELIVERED,3/18/2016,
31e27454-66f3-11ea-985a-7077813058ce,5489,75,93642,PAID,COD,08-09-2002,75,5489,Fashion,Domestic,Regular,869,1317,100 Block of POWELL ST,GOLDEN GATE AV / LEAVENWORTH ST,75,DELIVERED,5/28/2002,09-08-2002
31e3aca4-66f3-11ea-b4f1-7077813058ce,2037,895,34832,NOT PAID,COD,,895,2037,Arts and crafts,International,Express,271,704,500 Block of HOWARD ST,500 Block of JACKSON ST,895,NOT DELIVERED,3/15/2010,
31e496d4-66f3-11ea-ae24-7077813058ce,2401,866,59176,PAID,COD,01-01-1995,866,2401,Luggage,International,Regular,691,1260,0 Block of MYRTLE ST,2ND ST / TOWNSEND ST,866,DELIVERED,1/22/1995,01-01-1995
31e5a810-66f3-11ea-b394-7077813058ce,1303,792,3846,NOT PAID,COD,,792,1303,Arts and crafts,Domestic,Regular,808,1257,900 Block of THE EMBARCADERO NORTH ST,2500 Block of OCTAVIA ST,792,NOT DELIVERED,9/24/2008,
31e70780-66f3-11ea-a98c-7077813058ce,6798,191,17651,PAID,CARD PAYMENT,17-10-1989,191,6798,Home Furnishing,International,Express,997,1382,600 Block of GOETTINGEN ST,100 Block of 6TH ST,191,DELIVERED,01-03-1989,10/17/1989
31e7ca9a-66f3-11ea-a42b-7077813058ce,9917,59,2282,NOT PAID,CARD PAYMENT,,59,9917,Construction,International,Regular,329,977,1000 Block of SUTTER ST,800 Block of 3RD ST,59,NOT DELIVERED,04-02-1984,
31e92a06-66f3-11ea-a2c3-7077813058ce,2969,748,49908,NOT PAID,CARD PAYMENT,,748,2969,Home Furnishing,Domestic,Regular,600,1048,100 Block of MONTGOMERY ST,600 Block of PRENTISS ST,748,NOT DELIVERED,05-07-1987,
31ea3b58-66f3-11ea-bc9e-7077813058ce,8737,693,68886,NOT PAID,COD,,693,8737,Home Furnishing,International,Express,715,1271,0 Block of POWELL ST,600 Block of VALENCIA ST,693,NOT DELIVERED,01-04-1984,
31eb4c8c-66f3-11ea-b7ad-7077813058ce,2104,955,41456,PAID,CARD PAYMENT,27-12-1992,955,2104,Home Furnishing,International,Express,957,1007,BARTLETT ST / 21ST ST,FELL ST / POLK ST,955,DELIVERED,05-10-1992,12/27/1992
31ebe8b4-66f3-11ea-b8ca-7077813058ce,1702,538,39488,NOT PAID,COD,,538,1702,Industrial Equipments,International,Express,484,863,700 Block of MARKET ST,700 Block of SWEENY ST,538,NOT DELIVERED,08-07-2009,
31ecabe2-66f3-11ea-9fa2-7077813058ce,8933,169,75362,PAID,COD,24-08-2017,169,8933,Electronics,International,Express,576,1077,0 Block of CAMERON WY,200 Block of DORE ST,169,DELIVERED,3/17/2017,8/24/2017
31ed6f18-66f3-11ea-af57-7077813058ce,3624,924,73137,PAID,CARD PAYMENT,20-03-2015,924,3624,Construction,International,Regular,606,1021,FILLMORE ST / OFARRELL ST,HAWTHORNE ST / HARRISON ST,924,DELIVERED,1/28/2015,3/20/2015
31ee3246-66f3-11ea-ae6c-7077813058ce,4892,579,77570,NOT PAID,CARD PAYMENT,,579,4892,Home Furnishing,Domestic,Express,913,1385,SUTTER ST / LAGUNA ST,SOUTH VAN NESS AV / 22ND ST,579,NOT DELIVERED,12/21/2016,
